flong,43,first,last,email,4321,q,a,false,false
jbutts13,44,J,R,j@gmail.com,1111,applesauce?,yes,false,false
jbutts12,45,J,R,j@gmail.com,1111,applesauce?,yes,false,false
nwebb89,46,Nick,Webb,TestEmail@gmail.com,4477,What is your dogs name?,Tucker,false,false
testman,47,Test,Man,tester@yahoo.com,5874,Where are you from?,testville,false,false
nwebb89,48,Nick,Webb,TestEmail@gmail.com,4477,What is your dogs name?,Tucker,false,false
testman,49,Test,Man,tester@yahoo.com,5847,Where are you from?,testville,false,false
nwebb89,50,Nick,Webb,TestEmail@gmail.com,4477,What is your dogs name?,Tucker,false,false
nwebb89,51,Nick,Webb,TestEmail@gmail.com,4477,What is your dogs name?,Tucker,false,false
testman,52,Test,Man,tester@yahoo.com,5874,Where are you from?,testville,false,false
nwebb89,53,Nick,Webb,TestEmail@gmail.com,4477,What is your dogs name?,Tucker,false,false
testman,54,Test,Man,tester@yahoo.com,5874,Where are you from?,testville,false,false
nwebb89,55,Nick,Webb,TestEmail@gmail.com,4477,What is your dogs name?,Tucker,false,false
testman,56,Test,Man,tester@yahoo.com,5874,Where are you from?,testville,false,false
nwebb89,57,Nick,Webb,TestEmail@gmail.com,4477,What is your dogs name?,Tucker,false,false
testman,58,Test,Man,tester@yahoo.com,5874,Where are you from?,testville,false,false
nwebb891,59,Nick1,Webb1,TestEmail1@gmail.com,3477,What is your dogs name?,Tucker,false,false
testman1,60,Test1,Man1,tester1@yahoo.com,5174,Where are you from?,testville,false,false
nwebb89,61,Nick,Webb,TestEmail@gmail.com,4477,What is your dogs name?,Tucker,false,false
testman,62,Test,Man,tester@yahoo.com,5874,Where are you from?,testville,false,false
nwebb89,63,Nick,Webb,TestEmail@gmail.com,4477,What is your dogs name?,Tucker,false,false
testman,64,Test,Man,tester@yahoo.com,5874,Where are you from?,testville,false,false
nwebb89,65,Nick,Webb,TestEmail@gmail.com,4477,What is your dogs name?,Tucker,false,false
testman,66,Test,Man,tester@yahoo.com,5874,Where are you from?,testville,false,false
nwebb89,67,Nick,Webb,TestEmail@gmail.com,4477,What is your dogs name?,Tucker,false,false
testman,68,Test,Man,tester@yahoo.com,5874,Where are you from?,testville,false,false
nwebb89,69,Nick,Webb,TestEmail@gmail.com,4477,What is your dogs name?,Tucker,false,false
testman,70,Test,Man,tester@yahoo.com,5874,Where are you from?,testville,false,false
nwebb89,70,Nick,Webb,TestEmail@gmail.com,4477,What is your dogs name?,Tucker,false,false
testman,71,Test,Man,tester@yahoo.com,5874,Where are you from?,testville,false,false
nwebb89,72,Nick,Webb,TestEmail@gmail.com,4477,What is your dogs name?,Tucker,false,false
testman,73,Test,Man,EMAILTESTER@YAHOO.COM,5874,Where are you from?,testville,false,false
nwebb89,74,Nick,Webb,TestEmail@gmail.com,4477,What is your dogs name?,Tucker,false,false
testman,75,Test,Man,tester@yahoo.com,5874,Where are you from?,testville,false,false
nwebb89,76,Nick,Webb,TestEmail@gmail.com,4477,What is your dogs name?,Tucker,false,false
testman,77,TESTING LOAD NAME,Man,tester@yahoo.com,5874,Where are you from?,testville,false,false